date;highest_buy_price;lowest_sell_price;median_price;volume;Darkmatternana;176427820;https://community.akamai.steamstatic.com/economy/image/JK4FciBLIAu85jMKoBcrqiVGMb7iB87JGfhXybAIG63trQlunYWgHSG5F0nW36-PWWA/62fx62f
15-07-2024;36.014,75;40.419,25;35.751,49;20
16-07-2024;31.939,43;41.760,80;41.666,67;22
16-07-2024;24.220,90;40.096,64;35.472,67;19
16-07-2024;24.220,90;36.957,83;16.768,30;18
17-07-2024;20.055,19;28.461,76;28.390,49;8
17-07-2024;25.080,16;31.142,37;30.556,03;12
18-07-2024;28.558,61;34.508,28;31.764,90;26
18-07-2024;30.848,13;35.877,99;36.637,09;45
19-07-2024;22.426,58;25.178,29;35.684,20;40
19-07-2024;37.703,13;47.986,88;46.610,76;65
20-07-2024;38.807,72;48.053,75;47.954,43;63
20-07-2024;56.069,37;65.736,36;61.162,81;115
21-07-2024;56.470,15;63.711,54;51.857,70;123
21-07-2024;56.069,37;63.126,62;68.730,66;54
22-07-2024;56.069,37;59.017,83;56.980,74;44
22-07-2024;59.876,79;63.909,31;59.838,49;55
23-07-2024;62.027,74;63.593,01;62.926,72;65
23-07-2024;63.790,81;80.195,39;71.010,34;45
24-07-2024;67.267,27;68.751,42;66.899,32;89
24-07-2024;63.857,79;69.072,31;65.870,36;76
25-07-2024;63.760,49;70.497,46;63.638,46;29
25-07-2024;62.597,56;65.163,75;62.522,61;20
26-07-2024;60.652,52;64.152,54;59.790,37;25
26-07-2024;59.486,13;62.985,33;59.351,50;21
27-07-2024;59.422,45;61.481,13;60.112,25;12
27-07-2024;58.217,11;61.593,82;57.925,41;11
28-07-2024;41.911,88;58.505,98;51.846,39;17
28-07-2024;43.230,93;49.568,96;41.835,70;21
29-07-2024;43.471,99;43.737,32;31.440,17;12
29-07-2024;40.016,72;49.277,89;39.553,76;13
30-07-2024;23.358,66;35.498,78;28.361,62;23
30-07-2024;27.926,23;49.291,59;35.781;27
31-07-2024;33.053,37;55.482,82;51.839,09;35
01-08-2024;59.179,88;61.140,95;59.017,24;60
01-08-2024;59.582,21;66.877,37;63.031,91;29
01-08-2024;63.122,53;68.392,82;70.491,84;48
02-08-2024;68.360,29;86.732,57;88.080,98;64
02-08-2024;68.638,57;83.657,49;76.583,06;45
03-08-2024;65.134,50;78.507,32;73.667,08;26
04-08-2024;63.685,48;66.755,46;63.219,70;21
04-08-2024;63.685,48;63.986,16;59.101,73;16
05-08-2024;63.685,48;65.599,50;61.186,35;17
05-08-2024;47.286,51;63.242,01;45.803,38;12
06-08-2024;43.496,85;61.712,85;55.814,78;21
07-08-2024;43.348,12;54.000;43.551,87;3
07-08-2024;44.508,88;81.884,18;53.883,83;2
08-08-2024;46.941,23;51.587,70;49.032,66;27
08-08-2024;46.206,83;91.817,84;96.165,79;70
09-08-2024;46.029,64;61.327,48;47.854,28;48
09-08-2024;35.032,72;63.641,16;45.716,37;12
10-08-2024;35.999,65;62.209,95;33.315,35;7
10-08-2024;42.571,27;56.675,87;56.670,67;5
11-08-2024;44.979,98;55.230,07;46.480,45;19
12-08-2024;47.764,67;65.887,66;48.961,55;21
13-08-2024;45.428,03;53.387,45;54.146,36;16
14-08-2024;45.006,08;105.333,40;98.891,76;61
14-08-2024;45.661,96;100.679,23;44.877,77;60
15-08-2024;92.278,15;97.372,12;98.112,47;73
15-08-2024;83.050,40;96.039,41;70.572,07;91
16-08-2024;112.853,60;193.287,77;330.742,95;58
17-08-2024;141.384,11;336.198,24;135.630,90;59
17-08-2024;141.384,11;333.907,82;87.020,90;60
17-08-2024;144.663,79;193.061,47;193.298,22;56
18-08-2024;146.957,51;246.449,18;146.478,59;25
18-08-2024;112.792,02;190.441,72;138.001,26;29
19-08-2024;94.230,15;127.176,80;79.818;30
20-08-2024;102.517,98;127.928,47;122.558,39;15
20-08-2024;102.791,41;124.524,42;102.723,19;25
21-08-2024;79.922,94;103.869,32;55.731,35;17
21-08-2024;82.251,12;109.131,93;100.793,27;3
22-08-2024;82.097,73;84.440,55;84.171,78;11
22-08-2024;82.189,87;97.206,07;90.814,90;11
23-08-2024;79.665,60;97.164,54;80.683,73;11
23-08-2024;76.670,54;80.469,38;76.646,94;12
24-08-2024;64.197,41;79.898,86;80.437,75;10
24-08-2024;63.047,23;79.916,21;79.887,73;9
25-08-2024;55.802,89;77.409,62;62.840,71;4
25-08-2024;57.703,97;62.311,28;57.490,26;3
26-08-2024;57.703,97;62.311,28;57.703,71;6
26-08-2024;57.419,96;61.307,26;57.703,71;5
27-08-2024;57.582,11;61.095,14;;
27-08-2024;63.294,28;99.623,20;96.972,63;42
28-08-2024;65.581,76;97.338,36;89.359,81;43
28-08-2024;69.710,67;97.338,36;96.575,20;3
29-08-2024;69.747,29;94.769,22;69.645,53;4
29-08-2024;69.747,29;92.863,55;92.681,11;3
30-08-2024;70.411,46;92.747,56;92.550,66;3
30-08-2024;70.859,39;91.833,64;70.799,84;8
31-08-2024;67.673,41;100.094,02;77.478,83;9
31-08-2024;73.768,36;99.971,82;73.841,42;40
01-09-2024;67.412,02;95.048,44;69.470,80;7
02-09-2024;63.282,82;91.760,11;69.470,80;5
02-09-2024;74.775,78;92.561,66;91.665,06;1
03-09-2024;74.775,78;92.541,48;67.015,45;2
03-09-2024;64.517,36;72.678,20;65.849,92;4
04-09-2024;59.558,11;91.608,82;76.851,38;17
04-09-2024;63.814,36;82.043,66;76.851,38;14
05-09-2024;69.876,88;80.142,60;76.518,74;3
05-09-2024;69.876,88;76.908,79;69.812,26;11
06-09-2024;64.600,24;76.460,37;44.176,01;14
06-09-2024;65.000;76.835,19;64.134,18;10
07-09-2024;65.000;65.268,86;62.817,20;10
07-09-2024;62.660,23;76.435,60;66.011,76;9
08-09-2024;62.660,23;76.435,60;62.437,52;4
08-09-2024;62.728,06;74.752,46;62.437,52;1
09-09-2024;62.728,06;74.710,24;74.704,15;1
09-09-2024;62.660,23;73.364,85;62.623,28;4
10-09-2024;62.662,47;72.966,44;73.397,79;11
10-09-2024;62.662,47;71.888,13;62.511,42;10
11-09-2024;62.555,19;70.012,60;62.508,40;4
11-09-2024;56.103,82;67.890,76;61.755,27;6
12-09-2024;55.757;68.731,70;53.887,80;11
22-09-2024;49.197;68.076,33;68.356,21;9
23-09-2024;49.197;64.236,87;68.356,21;1
23-09-2024;49.197;67.811,02;49.193,82;2
24-09-2024;49.197,51;67.988,49;64.805,08;5
24-09-2024;49.776,63;67.988,49;64.805,08;3
25-09-2024;49.024,88;63.994,48;49.655,56;1
25-09-2024;49.024,88;59.087,83;49.655,56;1
26-09-2024;49.296,41;50.346,67;49.013,46;3
27-09-2024;49.220,07;64.119,49;49.910,58;4
28-09-2024;48.851,86;60.875,94;64.254,76;2
28-09-2024;48.851,86;63.639,82;59.474,69;5
29-09-2024;48.767,25;63.372,62;59.418,15;5
29-09-2024;48.767,25;58.059,74;37.026,77;3
30-09-2024;47.916,65;52.632,32;47.583,83;4
30-09-2024;47.916,65;48.479,07;52.614,54;5
01-10-2024;45.308,41;52.459,45;48.216,49;10
01-10-2024;45.308,41;52.459,45;52.431,93;9
02-10-2024;45.071,15;50.832,37;44.586,78;4
03-10-2024;35.175,63;49.911,30;37.671,02;16
04-10-2024;35.297,71;48.026,68;35.290,13;2
05-10-2024;28.235,40;41.443,13;41.449,65;6
05-10-2024;28.235,40;47.589,95;27.976,48;6
06-10-2024;28.768,11;31.101,35;27.601,21;2
07-10-2024;28.768,11;29.787,34;29.093,17;9
08-10-2024;27.769,46;28.887,72;28.959,90;1
09-10-2024;27.755,64;28.869,89;28.675,03;4
09-10-2024;27.674,66;28.869,89;28.089,58;6
10-10-2024;26.376,82;28.762,67;28.744,70;9
10-10-2024;26.376,82;28.762,67;28.762,70;10
11-10-2024;25.005,86;26.893,21;25.608,32;8
11-10-2024;25.099,84;26.893,21;25.086,29;8
12-10-2024;25.349,12;25.371,44;26.846,21;6
12-10-2024;25.093,41;26.946,42;24.846,28;6
13-10-2024;24.353,66;26.946,42;25.105,37;15
14-10-2024;24.353,66;26.946,42;26.845,64;9
14-10-2024;24.353,66;25.721,44;26.901,33;7
15-10-2024;22.246,66;26.901,85;26.752,87;5
16-10-2024;22.551,40;28.860,92;26.902,02;4
16-10-2024;21.561,81;28.815,37;24.144,42;4
17-10-2024;19.336,72;25.138,94;19.315,35;12
18-10-2024;19.531,90;28.493,61;27.556,67;5
19-10-2024;19.512,20;28.759,77;28.759,86;7
19-10-2024;19.532,40;28.409,38;28.759,86;4
20-10-2024;19.512,20;28.699,26;28.469,53;2
20-10-2024;19.512,20;28.699,26;28.686,73;3
21-10-2024;19.544,31;26.800,13;25.980,11;3
21-10-2024;19.544,31;26.800,13;19.422,99;4
22-10-2024;19.721,97;27.076,48;19.692,28;5
23-10-2024;19.735,75;27.107,18;27.163,75;4
23-10-2024;19.735,75;27.107,18;27.163,75;1
24-10-2024;19.771,57;25.424,04;25.049,28;2
25-10-2024;19.669,66;26.464,49;25.964,04;6
26-10-2024;19.613,83;24.991,99;23.634,06;4
27-10-2024;19.660,92;24.943,22;24.482,92;2
27-10-2024;19.668,28;24.914,70;19.660,02;2
28-10-2024;23.095,60;23.410,06;23.342,99;6
28-10-2024;23.095,60;23.379,91;23.342,99;5
29-10-2024;19.900,29;23.330,71;23.089,88;2
29-10-2024;19.900,29;20.681,49;19.776,70;6
30-10-2024;19.859,28;21.664,68;20.408,77;4
31-10-2024;19.930,77;24.918,14;24.410,74;6
31-10-2024;19.930,77;25.348,36;24.410,74;7
01-11-2024;20.016,30;25.620,25;25.063,30;3
01-11-2024;20.016,30;25.705,18;23.748,35;5
02-11-2024;19.964,74;23.029,14;24.431,18;5
02-11-2024;19.964,74;23.029,14;22.151,89;2
03-11-2024;19.964,74;25.637,81;22.848,13;5
03-11-2024;19.964,74;22.021,23;22.848,13;4
04-11-2024;19.943,92;20.255,14;18.949,54;2
04-11-2024;19.943,92;20.714,44;18.361,77;3
05-11-2024;20.608,09;21.062,21;19.699,41;8
05-11-2024;20.608,09;22.245,11;21.554,29;8
06-11-2024;16.568,69;22.285,62;18.133,73;2
06-11-2024;16.568,69;24.567,77;22.086,83;2
07-11-2024;17.836,23;17.842,20;23.418,39;2
08-11-2024;17.822,64;20.836,67;19.224,07;3
08-11-2024;17.822,64;20.521,60;20.833,34;4
09-11-2024;17.759,48;18.169,34;20.759,50;2
09-11-2024;17.759,48;18.169,34;17.978,36;1
10-11-2024;17.759,48;18.169,34;17.705,96;3
10-11-2024;16.289,46;18.050,64;18.060,31;5
11-11-2024;16.289,46;18.050,64;16.750,73;3
12-11-2024;14.274,62;17.884,71;14.936,71;2
12-11-2024;14.274,62;17.884,71;17.705,96;3
13-11-2024;14.197,92;15.492,16;;
14-11-2024;12.449,81;13.677;13.885,60;5
15-11-2024;12.458;13.531,50;13.910,32;2
15-11-2024;12.458;12.768,16;13.420,75;1
16-11-2024;7.812,45;11.497,36;13.417,34;1
16-11-2024;4.216,65;8.076,46;8.034,21;62
17-11-2024;6.268,34;11.403,51;4.226,70;74
17-11-2024;6.432,73;11.403,51;4.226,70;12
18-11-2024;8.690,21;11.352,59;;
18-11-2024;8.690,21;11.352,31;;
19-11-2024;7.618,90;11.364,14;11.510,24;3
20-11-2024;7.580,95;11.372,09;4.833,38;3
20-11-2024;7.580,95;11.101,42;4.833,38;1
21-11-2024;7.577,32;11.369,78;10.947,05;3
21-11-2024;7.577,32;11.381,37;10.947,05;5
22-11-2024;6.306,73;11.646,07;10.947,05;4
22-11-2024;6.306,73;12.577,97;11.255,79;3
23-11-2024;4.913,44;12.426,29;12.324,55;3
24-11-2024;4.913,44;12.348,96;;
24-11-2024;4.913,44;12.191,55;;
25-11-2024;6.584,01;12.191,55;;
25-11-2024;6.584,01;12.109,24;;
26-11-2024;6.613,80;12.068,02;12.097,43;1
26-11-2024;6.613,80;11.822,34;105,40;3
27-11-2024;4.899,13;11.122,42;105,37;2
27-11-2024;4.900,75;10.621,02;10.859,23;1
28-11-2024;4.881,18;9.354,35;10.845,43;1
28-11-2024;4.969,49;9.748,37;9.472,51;6
29-11-2024;4.969,49;9.062,03;9.747,69;7
29-11-2024;4.969,49;9.062,03;8.642,61;2
30-11-2024;6.304,35;10.763,49;9.028,06;2
30-11-2024;6.419,67;9.567,24;9.028,06;1
01-12-2024;6.419,67;9.045,93;9.636,09;1
01-12-2024;6.304,35;9.337,72;9.185,53;5
02-12-2024;6.304,35;11.227,33;10.987,64;16
02-12-2024;10.502,98;11.527,99;11.162,60;13
03-12-2024;10.478,57;11.706,43;10.924,80;3
03-12-2024;6.283,18;9.953,37;11.381,04;3
04-12-2024;6.299,17;10.565,39;10.214,07;3
04-12-2024;6.299,17;11.775,09;11.055,36;4
05-12-2024;6.418,38;11.661,84;11.590,31;5
05-12-2024;5.279,80;11.659,12;11.303,10;7
06-12-2024;5.418,02;12.027,91;12.011,92;7
06-12-2024;5.591,56;11.223,37;11.995,47;6
07-12-2024;5.586,09;11.144,93;11.144,17;4
07-12-2024;5.586,09;10.717,84;10.693,46;4
08-12-2024;5.586,09;10.716,82;10.490,07;5
08-12-2024;5.262,30;10.526,31;10.490,07;2
09-12-2024;5.847,93;10.526,31;5.583,80;35
09-12-2024;5.987,97;10.524,63;5.583,80;35
10-12-2024;5.989,13;10.487,91;10.589,79;3
10-12-2024;5.989,13;10.487,91;10.589,79;3
11-12-2024;5.993,97;10.469,50;10.474,77;1
11-12-2024;6.132,54;8.919,72;10.494,30;2
12-12-2024;6.201,88;9.064,33;8.929,46;2
12-12-2024;7.309,93;9.743,84;9.057,86;2
13-12-2024;7.816,26;10.610,83;9.661,84;3
13-12-2024;7.309,93;9.771,05;7.796,79;4
14-12-2024;7.311,78;10.613,51;10.614,91;5
15-12-2024;6.434,37;9.063,80;10.616,19;4
15-12-2024;6.438,89;8.542,62;8.540,27;2
16-12-2024;6.566,68;7.270,44;6.500,72;4
16-12-2024;6.741,50;8.540,26;7.253,80;3
17-12-2024;7.038,85;8.552,60;8.647;3
17-12-2024;7.311,78;8.563,86;8.647;2
18-12-2024;8.583,95;8.983,72;8.545,60;3
18-12-2024;8.583,95;8.983,72;8.936,86;6
19-12-2024;7.324,83;8.859,08;8.857,64;7
19-12-2024;6.738,84;9.007,74;8.562,84;5
20-12-2024;6.745,72;8.592,70;8.571,57;1
20-12-2024;7.040,62;8.798,35;8.790,84;3
21-12-2024;6.821,64;8.002,35;7.990,04;2
22-12-2024;6.874,98;8.025,48;7.647,21;8
22-12-2024;6.854,06;8.025,48;7.647,21;7
23-12-2024;6.798,28;8.499,61;6.851,36;8
24-12-2024;7.039,11;8.575,46;8.664,63;3
25-12-2024;6.209;8.563,54;6.069,20;4
26-12-2024;5.742,61;8.603,52;5.790,15;4
27-12-2024;5.859,50;8.645,37;8.638,51;3
28-12-2024;8.864,86;10.553,15;10.298,41;17
29-12-2024;5.713,28;10.553,15;8.506,04;15
29-12-2024;5.713,28;10.471,53;8.506,04;2
30-12-2024;5.717,01;10.471,53;10.466,30;1
30-12-2024;6.431,80;10.471,53;10.466,30;1
31-12-2024;6.787,58;10.260;10.426,66;3
01-01-2025;6.364,30;10.263,68;10.437,30;2
01-01-2025;6.364,30;10.228,87;9.951,52;1
02-01-2025;6.364,30;10.401,61;10.334,54;6
03-01-2025;6.361,01;10.306,42;10.249,22;4
04-01-2025;6.415,30;10.293,46;8.255,02;3
05-01-2025;6.438,06;10.547,76;10.547,10;6
06-01-2025;6.452,38;10.547,76;10.222,39;6
06-01-2025;6.738,84;17.434,80;11.426,52;21
07-01-2025;16.089,69;16.829,30;11.242,20;21
07-01-2025;8.209,50;13.484,73;15.762,07;2
08-01-2025;8.322,73;13.670,75;12.703,26;3
09-01-2025;8.727,19;42.420,71;22.858,95;46
09-01-2025;11.788,77;21.655,35;22.858,95;44
10-01-2025;13.443,44;27.715,40;24.352,31;6
10-01-2025;14.156,06;25.717,92;24.352,31;6
11-01-2025;15.008,13;27.554,57;13.089,32;2
11-01-2025;15.994,89;27.554,57;15.984,70;4
12-01-2025;16.230,65;24.145,45;24.136,18;5
12-01-2025;17.126,81;23.983,86;24.145,46;4
13-01-2025;17.626,35;23.137,90;22.704,21;2
13-01-2025;17.452,08;23.137,90;17.531,43;2
14-01-2025;17.596,92;21.286,73;17.134,39;2
15-01-2025;17.893,32;20.788,72;;
15-01-2025;18.065,63;21.286,73;;
16-01-2025;16.791,67;21.409,68;16.988,66;2
17-01-2025;16.807,67;20.109,20;17.847,53;2
17-01-2025;15.065,02;20.109,20;17.847,53;1
18-01-2025;8.859,32;24.181,37;11.681,83;20
18-01-2025;9.052,97;24.178,18;23.981,39;21
19-01-2025;9.232,79;23.921,87;23.338,41;3
19-01-2025;8.990,83;24.178,18;23.845,77;3
20-01-2025;8.865,37;22.318,86;24.193,29;2
20-01-2025;10.516,40;20.584,17;24.193,29;1
21-01-2025;10.516,40;22.165,63;20.610,08;1
21-01-2025;10.516,40;22.151,80;20.610,08;1
22-01-2025;10.747,41;21.159,51;;
22-01-2025;10.747,41;21.159,51;;
22-01-2025;10.919,37;21.159,51;;
23-01-2025;11.051,11;21.101,88;;
23-01-2025;11.284,63;21.101,88;;
24-01-2025;11.360,19;24.039,10;24.116,44;13
24-01-2025;11.246,95;24.033,82;24.116,44;13
25-01-2025;11.596,45;24.116,25;24.030,80;1
25-01-2025;11.483,24;24.116,25;24.030,80;1
26-01-2025;11.658,48;22.238,51;;
26-01-2025;13.177,53;24.116,25;24.109,74;2
27-01-2025;12.120,13;24.116,25;24.144,21;5
27-01-2025;12.361,28;24.116,25;12.403,93;4
28-01-2025;12.486,66;24.026,05;12.363,41;1
28-01-2025;12.774,97;23.997,29;;
29-01-2025;13.050,31;21.359,77;;
29-01-2025;11.561,70;21.359,77;11.791,51;6
30-01-2025;11.599,89;23.413,35;21.428,89;1
31-01-2025;11.530,19;24.129,34;23.332,02;4
31-01-2025;11.530,19;24.118,50;23.332,02;4
01-02-2025;11.767,42;24.207,88;24.231,15;6
01-02-2025;13.971,23;24.207,88;24.231,15;6
02-02-2025;13.971,23;22.920,08;;
02-02-2025;13.971,23;20.974,27;22.407,30;9
03-02-2025;13.971,23;20.974,27;22.407,30;9
03-02-2025;13.971,23;23.670,96;20.971,35;1
04-02-2025;11.788;20.404,65;11.760,67;2
04-02-2025;12.219,94;23.576,11;21.292,78;4
05-02-2025;12.631,96;23.515,85;11.904,11;4
05-02-2025;12.874,75;15.004,39;11.904,11;1
06-02-2025;13.201,47;13.305,76;12.986,96;1
06-02-2025;13.375,26;15.108,79;13.299,12;2
08-02-2025;14.927,31;23.754,72;23.532,39;5
08-02-2025;15.284,91;20.873,10;23.532,39;3
09-02-2025;15.712,60;20.274,57;;
09-02-2025;16.014,09;20.825,43;20.746;4
10-02-2025;21.108,61;22.485,42;20.977,52;6
10-02-2025;21.108,61;23.740,97;22.288,61;9
11-02-2025;17.175,63;23.490,39;22.396,28;7
11-02-2025;17.498,51;23.745,48;23.449,74;1
12-02-2025;17.823,90;23.710,04;23.587,68;1
12-02-2025;12.058,81;22.977,81;16.624,05;4
13-02-2025;12.074,24;22.882,19;16.645,33;4
13-02-2025;11.993,55;22.523,45;12.035,86;1
14-02-2025;11.896,02;22.475,23;22.561,98;3
14-02-2025;11.896,02;20.789,12;22.561,98;2
15-02-2025;20.565,30;20.655,75;20.285,07;1
15-02-2025;20.565,30;20.669,80;20.641,87;2
16-02-2025;20.565,30;20.669,80;20.551,98;2
16-02-2025;13.372,50;20.718,97;20.285,07;2
17-02-2025;14.095,91;22.126,64;20.551,98;5
17-02-2025;14.699,92;22.125,56;21.332,97;5
18-02-2025;15.240,73;21.057,99;21.332,97;1
18-02-2025;15.725,34;20.943,89;;
19-02-2025;16.331,63;19.422,01;;
19-02-2025;16.705,37;19.420,25;;
20-02-2025;16.901,02;19.338,49;;
20-02-2025;13.525,35;19.098,11;16.538,91;1
21-02-2025;10.602,11;19.718,24;13.521,85;5
21-02-2025;10.602,11;18.819,88;13.521,85;4
22-02-2025;10.606,50;20.217,92;18.916,16;1
22-02-2025;10.658,86;20.210,88;19.959,07;3
23-02-2025;10.658,86;20.210,88;19.959,07;1
23-02-2025;10.658,86;20.210,88;;
24-02-2025;10.658,86;20.210,88;;
24-02-2025;10.658,86;20.210,88;;
25-02-2025;10.849,04;20.180,17;;
25-02-2025;10.849,04;17.892,89;;
26-02-2025;11.005,85;17.804,49;;
27-02-2025;10.970,32;17.640,38;10.438,90;1
27-02-2025;10.975,95;17.453,96;17.635,68;2
28-02-2025;10.989,63;17.263,88;17.631,17;1
28-02-2025;10.989,63;17.263,88;;
01-03-2025;11.022,25;16.995,86;;
01-03-2025;11.022,25;11.934,01;;
02-03-2025;11.022,25;16.995,86;15.458,57;3
02-03-2025;11.022,25;16.988,79;15.458,57;3
03-03-2025;11.048,35;16.988,79;16.645,33;3
03-03-2025;11.048,35;16.988,79;16.645,33;3
04-03-2025;11.016,83;16.869,71;11.057;2
04-03-2025;11.016,83;16.819,76;11.057;2
05-03-2025;10.936,77;16.804,91;;
05-03-2025;10.936,77;16.804,91;;
06-03-2025;10.998,64;16.367,69;16.659,96;1
06-03-2025;11.438,65;16.367,69;10.900,56;2
07-03-2025;11.510,70;14.110,42;10.908,91;1
08-03-2025;11.526,52;14.358,10;14.055,72;2
08-03-2025;11.078,19;16.335,68;11.431,59;4
09-03-2025;11.078,19;16.335,68;16.100,18;3
09-03-2025;11.078,19;16.335,68;16.100,18;1
10-03-2025;11.078,19;16.335,68;;
10-03-2025;11.078,19;15.648,88;;
11-03-2025;11.136,55;15.612,89;;
11-03-2025;11.136,55;15.411,44;;
12-03-2025;11.654,94;15.609,32;15.215,52;1
12-03-2025;11.654,94;15.609,32;15.215,52;1
13-03-2025;11.703,40;15.530,35;;
13-03-2025;11.703,40;15.530,35;10.201,48;1
14-03-2025;11.778,80;15.624,99;10.222,34;1
14-03-2025;11.778,80;15.038,50;;
15-03-2025;11.886,44;15.359,44;15.025,54;2
15-03-2025;11.886,44;15.278,23;15.471,01;4
16-03-2025;11.886,44;14.931,20;15.471,01;2
17-03-2025;11.051,62;14.769,30;14.818,60;2
17-03-2025;10.978,09;12.329,81;11.034,17;4
18-03-2025;11.152,63;14.859,17;12.285,90;3
18-03-2025;11.152,63;14.859,17;12.285,90;1
19-03-2025;11.455,81;14.860,83;14.784,91;3
20-03-2025;11.241,17;15.686,19;14.867,89;1
20-03-2025;11.241,17;15.883,60;15.601,03;1
21-03-2025;11.057,51;15.981,22;15.895,24;2
21-03-2025;11.057,51;15.981,22;15.981,22;2
22-03-2025;11.106,82;15.993,29;15.897,44;6
22-03-2025;11.106,82;15.993,29;15.897,44;5
23-03-2025;11.106,82;15.439,36;15.260,88;1
23-03-2025;11.106,82;15.923,07;15.641,03;11
24-03-2025;11.171,69;15.923,07;15.641,03;10
24-03-2025;11.176,47;15.989,79;15.820,80;2
25-03-2025;11.288,63;16.100,07;15.845,17;2
25-03-2025;11.288,63;16.103,58;16.100,34;1
26-03-2025;11.288,63;16.936,94;16.178,74;4
26-03-2025;11.299,14;16.833,59;16.910,55;4
27-03-2025;11.490,16;16.435,46;16.897,53;1
27-03-2025;11.497,82;16.820,63;16.374,90;1
28-03-2025;11.508,37;16.093,64;16.341,35;1
28-03-2025;11.508,37;15.902,69;;
29-03-2025;11.515,44;12.758,85;15.625;2
30-03-2025;11.515,44;12.758,85;;
30-03-2025;11.515,44;12.758,85;11.459,12;1
31-03-2025;11.515,44;15.598,43;12.265,48;3
31-03-2025;11.515,44;15.598,43;12.265,48;2
01-04-2025;11.515,44;15.317,62;15.776,85;1
02-04-2025;11.624,51;15.064,09;10.651,98;2
02-04-2025;11.624,51;14.942,08;10.651,98;2
03-04-2025;11.762,08;14.976,61;;
03-04-2025;11.762,08;14.976,61;11.581,07;1
04-04-2025;11.828;15.069,49;11.652,89;1
04-04-2025;11.828;15.069,49;;
05-04-2025;11.212,08;12.777,78;11.645,67;2
05-04-2025;11.212,08;12.777,78;11.886,31;3
06-04-2025;11.212,08;12.759,91;11.886,31;1
06-04-2025;11.212,08;12.723,75;11.085,34;1
07-04-2025;11.212,08;12.723,75;11.085,34;1
07-04-2025;11.212,08;12.723,75;;
08-04-2025;11.112,30;12.009,85;;
08-04-2025;11.115,75;12.556,99;11.608,95;1
09-04-2025;11.251,92;12.230,36;12.674,51;2
09-04-2025;11.251,92;12.894,39;12.645,71;3
10-04-2025;11.189,58;12.678,22;9.935,23;4
10-04-2025;11.189,58;12.678,22;9.935,23;2
11-04-2025;11.300,50;12.665,66;10.885,49;1
11-04-2025;11.300,50;12.634,10;10.885,49;1
12-04-2025;11.432,76;12.781,97;12.766,55;1
12-04-2025;11.432,76;12.781,97;12.766,55;1
13-04-2025;11.432,76;12.781,97;;
13-04-2025;11.432,76;12.826,49;12.781,99;1
14-04-2025;11.322,70;12.826,49;11.423,52;2
14-04-2025;11.322,70;13.040,26;12.825,21;3
15-04-2025;12.119,56;123.102,60;134.414,88;93
15-04-2025;12.119,56;109.914,07;12.539,56;92
16-04-2025;12.162,79;109.099,46;12.546,04;1
16-04-2025;12.162,79;109.099,46;;
17-04-2025;12.512,36;103.383,76;;
17-04-2025;12.512,36;103.383,76;12.850,79;1
18-04-2025;12.527,42;88.479,90;12.870,77;1
18-04-2025;12.190,32;85.285,18;13.020,09;12
19-04-2025;13.153,09;85.408,73;13.057,32;12
19-04-2025;12.462,62;84.666,30;12.737,20;1
20-04-2025;10.735,50;12.854,17;11.656,35;16
20-04-2025;14.465,99;84.666,30;12.859,71;19
21-04-2025;14.465,99;81.266,05;12.859,71;4
21-04-2025;14.465,99;80.926,03;12.146,62;2
22-04-2025;10.712,53;80.145,98;14.383,70;3
22-04-2025;10.712,53;78.578,47;14.383,70;1
23-04-2025;10.877,01;78.515,58;;
23-04-2025;26.031,48;71.501,04;;
24-04-2025;26.165,10;61.120,17;;
24-04-2025;26.165,10;50.161,78;26.151,13;1
25-04-2025;26.154,64;60.909,57;50.046,61;2
25-04-2025;26.154,64;50.511,25;50.046,61;1
26-04-2025;26.050,22;49.275,89;;
26-04-2025;26.050,22;44.468,34;44.303,12;4
27-04-2025;26.050,22;40.425,53;27.763,29;5
27-04-2025;26.050,22;37.954,21;40.425,27;2
28-04-2025;26.050,22;37.954,21;12.566,97;3
28-04-2025;26.050,22;37.717,47;12.566,97;2
29-04-2025;26.134,73;36.954,68;26.120,77;1
29-04-2025;26.134,73;36.954,68;26.120,77;11
30-04-2025;26.101,73;37.083,37;26.127,57;10
30-04-2025;26.101,73;37.083,37;;
01-05-2025;26.037,23;29.955,72;25.954,83;2
01-05-2025;26.037,23;29.955,72;25.954,83;2
02-05-2025;26.046;29.260,67;25.753,45;1
02-05-2025;25.969,70;29.260,67;25.753,45;1
03-05-2025;13.251,24;29.220,70;28.913,78;1
03-05-2025;14.950,12;37.195,92;29.187,06;2
04-05-2025;14.950,12;37.195,92;29.187,06;1
04-05-2025;14.950,12;37.195,92;;
05-05-2025;15.169,70;36.172,96;;
05-05-2025;16.648,98;35.228,84;;
06-05-2025;16.630,47;35.775,73;;
06-05-2025;17.988,07;35.775,73;;
07-05-2025;17.962,72;35.718,56;35.710,55;1
07-05-2025;17.962,72;35.718,56;35.710,55;1
08-05-2025;19.692,07;32.024,56;36.398,21;2
08-05-2025;18.935,45;32.024,56;36.398,21;2
09-05-2025;19.319,95;31.310,37;19.190,19;1
09-05-2025;19.628,79;31.310,37;19.190,19;1
10-05-2025;20.026,83;31.079,47;;
10-05-2025;20.336,16;31.079,47;31.054,23;1
11-05-2025;20.832,51;35.735,85;20.267,05;4
11-05-2025;21.264,12;35.735,85;21.130,28;4
12-05-2025;27.000;30.320,84;21.130,28;1
12-05-2025;28.882,09;30.320,84;;
13-05-2025;61.269,98;64.213,59;62.987,93;30
13-05-2025;88.850,10;102.741,01;88.599,18;32
14-05-2025;90.406;98.902,66;102.650,73;4
14-05-2025;90.349,29;98.902,66;102.650,73;2
15-05-2025;61.260,35;93.429;90.278,75;20
15-05-2025;90.076,89;93.429;90.076,89;34
16-05-2025;90.076,89;93.474,66;90.076,12;21
16-05-2025;36.571,86;91.174,93;90.076,12;7
17-05-2025;37.056,93;93.188,36;90.814,74;1
17-05-2025;38.704,83;93.188,36;90.814,74;1
18-05-2025;39.175,90;91.322,94;35.504;1
18-05-2025;39.293,45;87.176,22;35.504;1
19-05-2025;39.293,45;87.169,16;87.237,16;1
19-05-2025;38.762,26;82.634,80;87.237,16;1
20-05-2025;38.812,62;67.264,82;;
20-05-2025;38.812,62;67.077,57;;
21-05-2025;38.812,62;58.331,39;;
21-05-2025;38.812,62;58.331,39;;
22-05-2025;38.892,71;58.555,54;53.402,47;3
22-05-2025;39.781,81;58.217,06;53.402,47;3
23-05-2025;39.810,97;58.098,53;;
23-05-2025;34.420,47;58.098,53;39.749,56;1
24-05-2025;34.386,19;52.735,51;39.718,58;1
24-05-2025;34.386,19;52.735,51;34.364,64;1
25-05-2025;34.386,19;51.736,35;34.364,64;1
25-05-2025;34.386,19;51.736,35;;
26-05-2025;34.386,19;52.632,53;51.736,46;1
26-05-2025;34.386,19;52.646,90;51.736,46;1
27-05-2025;34.386,19;50.285,95;52.481,17;1
27-05-2025;34.386,19;50.062,38;52.481,17;1
28-05-2025;34.209,79;50.002,25;49.818,38;2
28-05-2025;34.209,79;49.987,93;49.818,38;2
29-05-2025;34.412,85;44.863,46;49.934,99;1
29-05-2025;34.412,85;44.863,46;49.934,99;1
30-05-2025;34.510,88;44.980,44;;
31-05-2025;34.445,37;44.980,44;;
31-05-2025;23.773,41;44.129,37;34.398,73;1
01-06-2025;21.964,33;43.212,44;23.625,77;3
02-06-2025;21.964,33;42.111;44.311,66;7
03-06-2025;21.977,33;42.111;44.277,02;6
04-06-2025;22.197,95;94.208,18;58.739,44;17
04-06-2025;22.659,16;94.109,18;58.739,44;17
05-06-2025;22.704,12;62.626,09;;
05-06-2025;22.704,12;64.479,09;;
06-06-2025;22.766,67;51.671,43;;
06-06-2025;22.831,66;64.218,79;51.662,57;1
07-06-2025;22.993,63;64.313,72;51.608,67;1
07-06-2025;22.993,63;64.313,72;57.568,66;1
12-06-2025;24.686,20;65.374,40;;
13-06-2025;24.984,51;65.421,56;;
13-06-2025;26.906,24;65.421,56;;
14-06-2025;26.643,10;62.725,55;39.118,56;1
14-06-2025;26.643,10;58.930,28;39.118,56;1
15-06-2025;26.643,10;62.725,55;58.762,08;1
15-06-2025;26.643,10;60.383,81;58.762,08;1
16-06-2025;30.449,41;60.383,81;;
16-06-2025;30.449,41;57.357,48;;
17-06-2025;30.743,50;51.644,91;;
17-06-2025;30.743,50;52.265,29;52.217,34;2
18-06-2025;32.441,78;51.387,91;51.958,23;3
18-06-2025;32.441,78;51.387,91;51.958,23;1
19-06-2025;32.388,11;48.163,66;51.476,36;1
19-06-2025;30.401,10;48.163,66;32.153,54;2
25-06-2025;25.314,44;28.850,89;;
25-06-2025;25.314,44;28.850,89;;
26-06-2025;25.287,94;28.757,07;;
26-06-2025;23.877,04;28.757,07;;
30-06-2025;23.947,04;35.081,79;23.579,58;3
30-06-2025;23.758,72;40.855,03;23.579,58;1
09-07-2025;22.757,18;27.094,24;;
09-07-2025;22.757,18;27.094,24;3.911,60;1
10-07-2025;22.742,09;26.863,95;3.908,53;1
10-07-2025;22.742,09;26.935,70;25.082,95;1
11-07-2025;22.809,02;26.480,77;25.063,28;1
11-07-2025;22.809,02;27.051,75;26.345,90;1
12-07-2025;23.328,80;27.051,75;27.051,88;2
12-07-2025;22.782,55;27.051,75;27.024,01;2
13-07-2025;22.782,55;33.288,82;27.051,88;2
13-07-2025;22.782,55;33.288,82;27.051,88;1
14-07-2025;22.782,55;32.311,01;32.938,94;1
14-07-2025;22.782,55;32.311,01;32.938,94;1
15-07-2025;18.620,75;26.920,49;22.657,75;1
15-07-2025;18.620,75;22.409,39;22.301,38;2
16-07-2025;18.603,22;22.336,61;18.359,58;2
16-07-2025;18.603,22;22.336,61;18.359,58;1
17-07-2025;18.584,73;20.810,23;;
17-07-2025;18.584,73;22.140,49;20.958,87;1
18-07-2025;17.591,47;22.395,80;19.423,95;2
19-07-2025;17.505,20;21.042,63;19.418,86;2
19-07-2025;17.505,20;21.042,63;20.958,87;2
20-07-2025;17.505,20;21.042,63;20.958,87;2
